{
    "P1": {
        "X": 741.5380768379893,
        "Y": 122.14175352701399,
        "cx": 363,
        "cy": 128
    },
    "P2": {
        "X": 500.25631336461873,
        "Y": 321.25528758274237,
        "cx": 140,
        "cy": 181
    },
    "P3": {
        "X": 767.4325023758588,
        "Y": 74.5985378299786,
        "cx": 465,
        "cy": 189
    },
    "P4": {
        "X": 700.9748114534784,
        "Y": 122.78491327831071,
        "cx": 274,
        "cy": 208
    },
    "P5": {
        "X": 756.7243235551226,
        "Y": 48.89114186008149,
        "cx": 415,
        "cy": 291
    },
    "P6": {
        "X": 417.1218617108349,
        "Y": 207.86012910539273,
        "cx": 119,
        "cy": 298
    },
    "P7": {
        "X": 683.0031171821994,
        "Y": 51.25396814853475,
        "cx": 247,
        "cy": 347
    },
    "P8": {
        "X": 741.5527600978407,
        "Y": 19.39915887879756,
        "cx": 361,
        "cy": 384
    }
}