{
    "P1": {
        "X": 289.5986462427362,
        "Y": 14.296608596087745,
        "cx": 297,
        "cy": 164
    },
    "P2": {
        "X": 290.0278641778189,
        "Y": 64.78406079595693,
        "cx": 405,
        "cy": 163
    },
    "P3": {
        "X": 289.2234988614228,
        "Y": -60.27583061569895,
        "cx": 140,
        "cy": 166
    },
    "P4": {
        "X": 339.2130237346452,
        "Y": 89.1760031280471,
        "cx": 461,
        "cy": 269
    },
    "P5": {
        "X": 338.54421591896977,
        "Y": -9.764420974994206,
        "cx": 247,
        "cy": 270
    },
    "P6": {
        "X": 338.61535372002606,
        "Y": -85.41190550484181,
        "cx": 87,
        "cy": 272
    },
    "P7": {
        "X": 364.13470409382325,
        "Y": 38.585836635770384,
        "cx": 352,
        "cy": 325
    }
}