{
    "P1": {
        "X": 268.40007221289136,
        "Y": -41.19509066907345,
        "cx": 622,
        "cy": 329
    },
    "P2": {
        "X": 266.5177791857178,
        "Y": 17.893439469176034,
        "cx": 950,
        "cy": 324
    },
    "P3": {
        "X": 281.8215665116476,
        "Y": 98.05839122601458,
        "cx": 1403,
        "cy": 419
    },
    "P4": {
        "X": 299.61852606818434,
        "Y": -80.18518522298095,
        "cx": 400,
        "cy": 500
    },
    "P5": {
        "X": 318.2966472793954,
        "Y": 53.19421168158772,
        "cx": 1144,
        "cy": 624
    },
    "P6": {
        "X": 342.02207336932776,
        "Y": 10.587158710184971,
        "cx": 898,
        "cy": 756
    },
    "P7": {
        "X": 358.3035129367624,
        "Y": -40.07652557216282,
        "cx": 608,
        "cy": 843
    },
    "P8": {
        "X": 355.11213021384935,
        "Y": 93.45308268702262,
        "cx": 1375,
        "cy": 847
    }
}