{
    "P1": {
        "X": 0.006389311472650527,
        "Y": 0.006389311472638031,
        "cx": 207,
        "cy": 135
    },
    "P2": {
        "X": 3.5952076073061594,
        "Y": 3.595207607306156,
        "cx": 460,
        "cy": 191
    },
    "P3": {
        "X": 8.360273973967391,
        "Y": 8.360273973967391,
        "cx": 298,
        "cy": 230
    },
    "P4": {
        "X": -13.414550721154344,
        "Y": -13.414550721154349,
        "cx": 101,
        "cy": 279
    },
    "P5": {
        "X": 5.269029938799259,
        "Y": 5.269029938799254,
        "cx": 410,
        "cy": 319
    },
    "P6": {
        "X": 9.875251944942796,
        "Y": 9.875251944942791,
        "cx": 241,
        "cy": 337
    }
}