{
    "P1": {
        "X": 261.86547653383303,
        "Y": 5.657363917656962,
        "cx": 207,
        "cy": 135
    },
    "P2": {
        "X": 284.82687127350306,
        "Y": 121.89088866021726,
        "cx": 460,
        "cy": 191
    },
    "P3": {
        "X": 304.35801399642185,
        "Y": 48.66697912493062,
        "cx": 298,
        "cy": 230
    },
    "P4": {
        "X": 329.3619769533505,
        "Y": -42.366192254201046,
        "cx": 101,
        "cy": 279
    },
    "P5": {
        "X": 342.4005971554521,
        "Y": 99.54182584973562,
        "cx": 410,
        "cy": 319
    },
    "P6": {
        "X": 353.1544895381577,
        "Y": 23.35755697614684,
        "cx": 241,
        "cy": 337
    }
}