{
    "P1": {
        "X": 339.54003066497785,
        "Y": -85.88248408511807,
        "cx": 86,
        "cy": 274,
        "color": "blue",
        "shape": "polygon"
    },
    "P2": {
        "X": 289.2319456794511,
        "Y": -59.79637270237528,
        "cx": 141,
        "cy": 166,
        "color": "red",
        "shape": "square"
    },
    "P3": {
        "X": 338.99956412865987,
        "Y": -10.237017873271354,
        "cx": 246,
        "cy": 271,
        "color": "yellow",
        "shape": "circle"
    },
    "P4": {
        "X": 365.93384988368194,
        "Y": 37.16999213375164,
        "cx": 349,
        "cy": 329,
        "color": "blue",
        "shape": "circle"
    },
    "P5": {
        "X": 290.46932457583205,
        "Y": 63.37894329903598,
        "cx": 402,
        "cy": 164,
        "color": "blue",
        "shape": "circle"
    }
}