{
    "P1": {
        "X": 299.2642834699397,
        "Y": -80.20326747823562,
        "cx": 400,
        "cy": 498,
        "color": "red",
        "shape": "square"
    },
    "P2": {
        "X": 358.47408311016653,
        "Y": -40.069573216579705,
        "cx": 608,
        "cy": 844,
        "color": "yellow",
        "shape": "square"
    },
    "P3": {
        "X": 342.2071204130326,
        "Y": 10.064964745016791,
        "cx": 895,
        "cy": 757,
        "color": "blue",
        "shape": "circle"
    },
    "P4": {
        "X": 267.2409539459105,
        "Y": 17.19534943864149,
        "cx": 946,
        "cy": 328,
        "color": "blue",
        "shape": "square"
    },
    "P5": {
        "X": 318.30913275224333,
        "Y": 52.67030338337707,
        "cx": 1141,
        "cy": 624,
        "color": "blue",
        "shape": "square"
    },
    "P6": {
        "X": 355.2896750991909,
        "Y": 93.11185964511004,
        "cx": 1373,
        "cy": 848,
        "color": "blue",
        "shape": "square"
    },
    "P7": {
        "X": 282.686598583385,
        "Y": 98.4087331456729,
        "cx": 1405,
        "cy": 424,
        "color": "red",
        "shape": "square"
    }
}